RegionName,RentToSaleRatio
11968,0.01981689974628396
88203,0.01978021978021978
11932,0.019424460431654675
08402,0.01936989090944264
48228,0.017815252871812404
48238,0.01750960463848089
76301,0.017385257301808066
63102,0.016884860691507218
39204,0.01685811160610231
61603,0.016751002197089273
53206,0.016630819156713432
36110,0.016536458333333334
76302,0.016145833333333335
31206,0.01614578027552354
43609,0.01595244727147354
46407,0.015833333333333335
11954,0.015661145908593223
71108,0.015622295511431164
01608,0.01553043089703358
48227,0.015434308339824298
45402,0.014716223067872906
24541,0.014514514514514515
45417,0.014255581279384387
44707,0.014156796390298928
21223,0.01414470882330748
35073,0.013905882352941176
40210,0.013884147183772122
40212,0.01386290200357567
48141,0.013780758176807573
38106,0.013752988421578039
74126,0.013617021276595745
63137,0.013601820377792086
44112,0.013560383957557678
77801,0.013540329398475326
48219,0.013443062616101129
74110,0.013334943085282032
14611,0.013181824458376467
60466,0.013022875446769775
44128,0.012998197195551831
63136,0.012941288719219256
53205,0.012938460446575279
45406,0.012898699581881114
44105,0.012896199236673303
44110,0.012860111182244293
35224,0.0126
35020,0.012548004778810152
35208,0.012515524303207173
43607,0.012512643406834813
18508,0.01249519890260631
19013,0.012362253127855044
36107,0.012189903870502353
31705,0.012172607509181851
48224,0.011986038044717016
15132,0.01195084485407066
60471,0.0119136
29501,0.011830798479087452
48602,0.011790123456790123
50703,0.011655303571115314
13905,0.011609605982421703
19133,0.011537122235002445
46016,0.011535799487826386
13126,0.011508852963818322
47807,0.01149377783088427
44314,0.011477339611536198
21217,0.011464103106967157
62703,0.011444704973471696
38108,0.0113918937753648
45405,0.011301873536958898
18101,0.011238157326054512
60419,0.011236878152841417
38109,0.011208311025967213
60621,0.011196060264718186
60411,0.011151939310048035
44306,0.01109375
35064,0.011055555555555556
36605,0.011027343187040855
45403,0.010985342248010293
40211,0.010982277468986256
70802,0.010926649377883587
77074,0.010892094705819075
74119,0.010837065778774276
16504,0.010810810810810811
48235,0.010796146455070132
19132,0.010767469682363931
38127,0.01075615435717373
44115,0.01066097464205825
44705,0.010642482946726692
81611,0.010631739295472595
46616,0.01060070671378092
61104,0.010576923076923078
44137,0.01055885413493482
63121,0.010558026264289365
44123,0.010555870589096876
10601,0.010550994082529982
19602,0.01054433681058449
30303,0.010500874449632937
48174,0.010486631016042781
38118,0.010459464998341021
48089,0.010457897871941556
08028,0.010441692527754266
46613,0.01042243270457567
13204,0.010420215089516177
21213,0.010390657620033883
39212,0.010390635871085095
74106,0.01032113821138211
73129,0.010315355775989628
06510,0.010228442526332057
21205,0.010161286138561688
14619,0.010156701556311066
60301,0.01013514003954688
64128,0.010086357322233556
35217,0.010076470204218915
36104,0.010040701629807611
31707,0.010038754153707823
44119,0.01002935076612756
48223,0.010005366510769288
44703,0.009989842736010203
63134,0.009917662608194551
16323,0.009913882371933995
77840,0.009881364481086168
47713,0.0098769983088326
08201,0.009860935389319335
48021,0.009826358338000581
48209,0.009824094846854403
45044,0.009822925242744042
27105,0.009765728476821191
61604,0.009710760096832393
44132,0.009709527845666841
35211,0.00968083328258167
33313,0.009618809484131624
17104,0.009607371794871795
19142,0.009596418149212721
48240,0.00957546195777549
76528,0.009565217391304347
60440,0.009552309677311981
19140,0.009543623284144568
48214,0.0095244962216407
63135,0.009514473862446884
68111,0.009506923076923078
48091,0.009501444219384259
48125,0.009496791650916471
44311,0.009441912179149968
60443,0.009424896432967341
33484,0.009408465187799928
14301,0.009407181414158876
48341,0.009379885356956748
44305,0.009373126145094038
61108,0.00936536818781511
06518,0.009365271037900665
49006,0.009351717495559993
33716,0.00927302259443766
60827,0.009268392687477041
47302,0.00925
38107,0.00924808429118774
14613,0.00924303382219881
38114,0.009240080244226725
49442,0.009239286970791237
72204,0.009232217662110284
64130,0.009222808568233723
44052,0.009199950473241281
30363,0.009195402298850575
19131,0.009194517086990216
74115,0.009191704615603098
39759,0.00918518249932146
44125,0.009183449996627286
32254,0.009144767515740483
61801,0.009129434661203435
08080,0.009127060763059242
44121,0.00912684365107894
73119,0.009101704138517365
77099,0.009096381421437856
48915,0.00909090909090909
19801,0.009075283859414193
33128,0.009045807134279505
08051,0.00904215189467037
34135,0.009031523075906243
44320,0.009013136814728682
30288,0.00900515685024184
33016,0.008990626254161084
61032,0.008960086885691013
23607,0.008957789574614721
48207,0.008954375781335126
60636,0.008951224514210048
19604,0.008923185397807346
63034,0.008920212765957447
44102,0.008882168389457034
43612,0.008876121296892771
38128,0.008873398947487654
15210,0.008854088837875088
48910,0.00883388103185933
08755,0.008824742268041237
33445,0.008820155516625091
33434,0.008815696427032779
08618,0.008815299791646554
48225,0.008807814181459029
32209,0.008804823247316696
15120,0.008787892888860983
63114,0.008785541888129645
13203,0.008760747679290092
60073,0.008750351444862437
64106,0.008737845956429176
63042,0.00873375956658786
61701,0.008729810927891435
63112,0.008728348183819776
48184,0.00872776099362202
60409,0.008721475461081587
14623,0.008714956234935938
62702,0.008713592233009708
48239,0.008702506576967861
63138,0.008700293321845345
15219,0.008675108616165527
73115,0.008659937202967559
14211,0.008659864772630912
85746,0.008659511970038393
53218,0.008657783176744269
63031,0.008641821778356687
72209,0.008635845237299607
48180,0.008634249511288222
66044,0.008631196858822871
40218,0.008611962354886711
13413,0.008606271645881307
31204,0.008600963354917798
48215,0.008596491228070175
48066,0.008594597474562189
48146,0.008586170335302607
48221,0.008574620414890495
06901,0.008556846961149916
33322,0.008554469560998644
32310,0.008540322580645162
48912,0.00853969239189852
14215,0.008534154660349397
12206,0.00853223060049178
63033,0.008504192117200368
63103,0.008498685571191638
45219,0.008489559539872335
28301,0.00848298516504014
38141,0.008468020923339583
20006,0.008467328938376727
18704,0.008467149850083198
48033,0.008465290272348092
88310,0.008432373471855199
77053,0.008418280261246348
72206,0.008407763979932035
77060,0.00839232129100397
12202,0.008389261744966443
77072,0.008376907290086553
18702,0.008363201911589008
44120,0.0083551004166994
01001,0.00835394862036156
30260,0.008344988344988345
33442,0.008343176282903118
38115,0.008337506041725715
13045,0.008336879432624114
46241,0.008328650160002182
45011,0.00832168423396427
08021,0.008296506516785348
07102,0.00829519646572531
19023,0.008293768545994066
77032,0.008291504903151706
18466,0.008277777777777778
71118,0.008272536687631029
44256,0.008260553926902883
67214,0.008257052154798002
30901,0.008238308208873855
73149,0.008225108225108226
53209,0.008222490642408757
35214,0.008211860490949376
47303,0.008210560137072751
44077,0.008210363917793548
35805,0.00820569483958504
30291,0.008195130317482082
60118,0.00819151175626358
18109,0.008170098326238091
60115,0.008136986301369864
48093,0.00812807881773399
13820,0.008125472411186697
49007,0.00812482800929599
70068,0.008120102904000608
17103,0.00811965811965812
74112,0.008112351771090837
71111,0.008097119877678267
43537,0.008093478260869565
61111,0.008087617883174756
32208,0.0080853695150992
60425,0.008081115335868187
35404,0.008076286830065931
72114,0.008075000677103266
08360,0.008074956407390251
33936,0.00807103825136612
48911,0.00806941116007034
11953,0.00805038443963205
13210,0.00804406455519564
48328,0.008023349505336112
46218,0.008015111003525645
44710,0.007992856485399335
77707,0.007991178013511721
33172,0.007991087228703116
30241,0.007978367059146748
48030,0.00797474119603099
64132,0.007968597110200691
08332,0.007964601769911504
36116,0.007961113497564457
14606,0.007960262843474945
46324,0.007959479015918957
66106,0.007959459459459459
40258,0.007954778690498106
64105,0.007946982450221062
32206,0.00794607310893956
60194,0.007940271110971162
07095,0.00792671301628178
61832,0.007912548667265647
13601,0.007912180465256297
32818,0.00791140594107489
73111,0.007909366347835905
45067,0.007895833333333333
48507,0.007892550895853927
10941,0.00788301282051282
33446,0.007881960735893319
78572,0.007880190796857462
32117,0.007873847211555634
27260,0.007867001146049662
60030,0.007855094325036277
35215,0.007853557781564673
33319,0.007851497415422385
30274,0.007842774259727722
35235,0.007840654992373089
73162,0.007835688215410187
08823,0.007825040128410916
75241,0.007823874283734307
77033,0.007820527095404563
19134,0.007820318096400951
70126,0.007813364406708146
51501,0.007812995089383446
75202,0.007808226533889932
75217,0.00780619982845242
32065,0.007806151829146118
43615,0.007796584334999824
21215,0.007793208856619988
28306,0.007790427110506598
19082,0.0077811475236179255
08015,0.007778557430773837
28314,0.007777669211988551
71112,0.007766899914006047
53142,0.007763562680733747
77029,0.007759699624530663
45410,0.007758886283885281
40215,0.0077559336048904255
60430,0.007753569778500605
33054,0.007753206920488776
43614,0.007752958949465611
35005,0.007752049898348068
70056,0.007748455457683494
15235,0.007739599254427191
70460,0.007733140638001632
33467,0.00772944457796232
48101,0.00772626931567329
13021,0.007723941736127083
32966,0.00771878782357003
44641,0.007703333333333334
64134,0.007696775793650794
15905,0.007695263045058624
48081,0.007692307692307693
78207,0.007689600193691235
18017,0.007688760985048968
76105,0.007684659090909091
60133,0.00768157283050435
33449,0.0076663758613552515
31763,0.007662573897226012
08753,0.0076612745098039205
30034,0.007661116594299086
17111,0.007655048143840519
32922,0.007654971796080749
73109,0.007654518997254238
32244,0.007645434662465848
60628,0.007641145049704086
08619,0.007640379213248696
14626,0.007638684326418176
77318,0.0076382095727396595
20770,0.0076332659372442485
28034,0.007631969422639871
43211,0.007622417390751729
32505,0.007621399616053678
44109,0.007611358697618136
77586,0.007607121714122685
35233,0.007606703668384779
33773,0.007593867842678387
32811,0.007587213611257774
33860,0.007573984672351938
45205,0.007572332253070685
77530,0.007569910514541387
08901,0.007561955296998032
48439,0.007560197081258891
38637,0.0075461606459934355
73110,0.00754572171072031
39206,0.007534355883519606
15001,0.007523166192491387
72117,0.007520086584530791
23803,0.00751691412274565
44111,0.007516240209962588
77489,0.007516039021293711
48135,0.007514922969218975
29150,0.007514906410432852
19121,0.007510970981399388
39211,0.007510397481065038
14212,0.0075085454737668774
47401,0.007506396559125
48126,0.00750380696618461
14617,0.0075
30238,0.0074985780423280435
48823,0.007496002203076293
44095,0.007494733592168374
60085,0.0074873372019760645
77067,0.007487255422367954
36109,0.007485668079384319
60020,0.007485365853658537
43611,0.007482142857142857
11980,0.0074756669060734955
06002,0.007472201198251356
46320,0.007470528667415404
64123,0.007469671630722453
32821,0.007459659059702311
35601,0.0074585962045234915
60586,0.0074572543674885396
32962,0.007452227221643957
33136,0.007444266790499412
18042,0.0074421188051971504
76708,0.007439234671080479
08401,0.007438377421412113
32304,0.0074300051713970415
35816,0.007429626750396581
37660,0.0074234251218186975
08046,0.007422303687092341
55101,0.007421159749292694
33068,0.007419533507813796
79924,0.0074178781014617124
11727,0.007412868888535
75060,0.007408399278000066
79930,0.007406901949562029
77086,0.007397037037037037
45324,0.007393006355422032
67216,0.007392264756566426
53210,0.0073907540503925446
53204,0.007390747442622706
23701,0.007390350877192983
48071,0.007388663831021296
45239,0.00738267576399053
61866,0.007379992850766447
48310,0.007377409318944972
33415,0.007376468333081717
73507,0.007370027627507205
48075,0.007368421052631579
46323,0.007362116169701734
21229,0.0073617491707796785
15146,0.0073599478531865305
60502,0.007357357357357357
47408,0.007355712976566965
75134,0.007355336243726273
34112,0.0073551848213192555
33069,0.007351368851708322
33498,0.007349542209760124
60606,0.007347758748964594
33417,0.007343732605169086
43613,0.007340142413435118
15213,0.007335439363578655
19607,0.007325581395348837
28303,0.007322791643833451
49002,0.007320497392699559
43227,0.007317408426185103
21040,0.007316039635035089
30273,0.007314903974634754
35401,0.0073142000231151885
45069,0.0073075818727941465
30906,0.007306029546628491
46825,0.00730394074753729
23510,0.007303827160493827
24012,0.007301877017962531
43223,0.007300440535044789
46235,0.007300365916087537
18102,0.00729949453242043
14609,0.007296880696341212
19143,0.007294405997504771
33126,0.007288884029656424
60195,0.00728645241801291
89109,0.0072810263762703095
73505,0.007274576828570355
08087,0.007272727272727273
77554,0.007272727272727273
44319,0.007272132393695235
55412,0.007271666445000701
75227,0.007267494170563321
18103,0.007267341666911989
63074,0.0072663925633023665
60504,0.007263513560441553
46226,0.007263501545838417
70501,0.007248164296196583
31602,0.007246596179348051
38672,0.007244226681196889
19124,0.00724387838923348
30297,0.007239525034430452
19802,0.0072395128552097425
24504,0.00723809993107289
72022,0.00723404255319149
32114,0.0072272155600852945
30134,0.007226694351693822
08648,0.007225428139209729
48124,0.007220011053155038
63125,0.007216932562434613
06606,0.007213541666666666
33437,0.0072065563189195984
44039,0.0072034574275401135
30035,0.0072011143192566626
33160,0.0071921905338714395
12203,0.007191547115163102
49008,0.00718614013267949
32605,0.007180082801835068
46231,0.007174671010341752
65802,0.007165872806718451
19139,0.007163916270432377
33426,0.007163349775320174
18252,0.00716
30349,0.007158548451449819
43204,0.007155444516599385
74145,0.0071542033896844215
67501,0.007148232248182792
23605,0.00713864821617332
46217,0.007134657238272931
75181,0.007130096672314209
19126,0.007126242334531614
28304,0.007125263526985643
43232,0.007125079753836873
60446,0.007113798387090519
30296,0.007111071532633844
33952,0.007109941982990569
38655,0.007093699949083184
34668,0.007092788784307272
18706,0.0070921985815602835
70726,0.007091308985428259
60617,0.007090578747660126
13760,0.0070903193615322645
33066,0.007086459938857379
60602,0.007084690553745929
49001,0.007084583895889024
20602,0.007082152974504249
38116,0.0070793193505298046
79903,0.007070544753334405
35810,0.007070403776785256
60436,0.007069444444444444
30236,0.007064141690784074
32822,0.007063906850189418
31313,0.0070609190233266025
14305,0.007059633027522935
23693,0.0070590308990214155
33907,0.007058679773461636
56601,0.007057674553459023
32159,0.007055429816109966
72118,0.007053337941419836
71105,0.007051355225108379
33409,0.007047859608800785
61103,0.007045098280946042
70769,0.0070421739078191355
77088,0.007041930374536651
17403,0.007041454515922577
60649,0.007040144271098957
33782,0.007034929863003434
10451,0.00703391167192429
38122,0.0070285929872489425
28532,0.0070227002057148364
35206,0.007020550024470223
08830,0.007020137348475598
34952,0.007011537959613979
75215,0.007011407277224501
64052,0.007005839145169797
27834,0.007005787243648125
14207,0.007005451240819501
06360,0.007004938209591249
73008,0.007004098271757978
23453,0.00700034606535474
17815,0.006999641284269214
33461,0.006998739895300161
43952,0.006998067166907089
33954,0.006997485853729227
36526,0.006995314424665659
08527,0.006994446068401053
48237,0.00698839261627474
31093,0.006987514232381453
45102,0.006982069655649482
44070,0.006981718815049446
44240,0.00698115582291541
60077,0.006978221597578658
32839,0.0069775718464874775
46222,0.006977388062027838
27401,0.006976771535395471
33324,0.006976615815654889
77083,0.0069749519804617
60061,0.00696901052723818
64129,0.006968059031142093
75253,0.006966666666666667
79904,0.006951988666997734
10970,0.006951837769328263
70601,0.006950887723470717
67218,0.006948995918792621
37921,0.006947008440115731
33063,0.0069425497641005356
67213,0.00694196756525483
67211,0.006940883200664652
73114,0.006937078262116498
08831,0.0069306799336650085
18015,0.006929396805922038
21224,0.0069279994110751615
33715,0.006927750915385246
07856,0.006923867429576245
77002,0.006923643186633178
32162,0.006923549154831718
77048,0.006921607993815409
60643,0.006920027488244131
32810,0.006918979967733762
90067,0.006918309816128632
21234,0.006918161374950949
60441,0.0069179036418292065
46254,0.006915403814093954
44241,0.006910109699112663
44057,0.006910039113428944
33469,0.006909925153754305
76014,0.006909561997658986
44223,0.006909171594467941
33763,0.006909071469230496
44146,0.006904907323265047
33190,0.0068970323106030546
31419,0.006894406285865
53216,0.006892743458692717
34986,0.006891363698715648
45215,0.006891098679539065
33813,0.006889319849747048
33569,0.0068884300902411376
53224,0.0068882042845860745
47304,0.0068863398562599275
61265,0.006885037630618745
53715,0.00688429571303587
21218,0.006878691985419098
77054,0.0068775366161711714
77073,0.006877177077048421
61615,0.006875773104625801
36111,0.0068757623196482555
92637,0.006875494018916867
74107,0.006875
74129,0.0068740055926710545
33064,0.006872357050105299
06340,0.006870049239991436
75249,0.006865154800505095
08052,0.0068613001443121845
45241,0.006858541598377163
21202,0.0068580763515914064
43219,0.006854924356534499
21239,0.0068543810544662385
46545,0.006848596168984518
68104,0.006848485124044177
75051,0.006848147211827864
08034,0.006838144730625042
17102,0.006837539898314612
33012,0.0068311526729636154
63144,0.00682908222322416
48152,0.006826923076923077
77017,0.006825581395348837
18104,0.006823525312288124
54481,0.006822742474916388
48312,0.006822721598002495
79934,0.006821812832342096
61821,0.006821600832385354
72015,0.006821462426873778
76501,0.0068212824010914054
13031,0.006819363222871995
77502,0.006818181818181818
73127,0.006816630733195922
73135,0.006816028460618303
49507,0.00681297609666404
21216,0.006811844185712232
33573,0.006811603342499266
23707,0.006811594202898551
33436,0.0068113918818502196
77047,0.006811006289308176
35115,0.00681
33314,0.006809617646498953
48127,0.0068090499166668554
68106,0.006807055826972039
79106,0.00680532716319949
33948,0.006803405572755418
08016,0.00680327868852459
74006,0.006802969068532689
08406,0.006802914312367168
37601,0.006802744851412341
21221,0.006798072547260694
21236,0.006793189030588612
07753,0.006792968490878938
45420,0.006789965609940977
06042,0.006788993182806833
48642,0.006788015274709991
23860,0.006780898518849846
48035,0.0067756582367303805
46229,0.006775515363322734
63111,0.006774881419503916
90014,0.006770446040540523
33496,0.00676540384027075
48083,0.006756100447706038
66604,0.0067559097421203435
79411,0.006755546775899901
19018,0.0067529397488571095
13037,0.006751054852320675
08003,0.006745547504990531
18018,0.006743531837263613
77338,0.006743347130353229
46901,0.006743035495299121
34474,0.006740966395832702
32808,0.006740605871978421
27407,0.006740194056233158
85033,0.006734858318839868
32444,0.006733470676541911
61822,0.006733275412684622
32210,0.006731048760404145
41071,0.006729376816523954
47150,0.006726522612087734
34983,0.006726301904991161
52601,0.006725146198830409
30179,0.006724468177060046
32579,0.006724198992116302
33578,0.006721755154168948
34957,0.006716856164540545
18052,0.006716417910447761
39503,0.006716270006301711
61107,0.006713401575979086
33761,0.006710416666666666
06704,0.006707883783892999
40219,0.006706967345060271
62226,0.006702641682877546
66614,0.006698828442855096
48186,0.006696716995759218
33463,0.006692269739879114
33971,0.006687951349296845
67217,0.006687391507224672
28602,0.006686395574042657
34984,0.006686046511627907
32713,0.006681124779844546
60506,0.006680110237279023
27406,0.006679293107684816
75402,0.006678787878787878
77706,0.006677340819559489
08865,0.006676516846797266
33543,0.0066683679691141255
35126,0.00666779066832185
19805,0.006667504018533505
73159,0.006665897180235221
36106,0.00666252221270609
79928,0.006659867864229316
89119,0.006659064778039263
70663,0.0066554333478899925
33027,0.006655256451219312
34205,0.006652780763481729
55411,0.006651642099867928
32606,0.006649506910358395
18509,0.006649243791548762
76126,0.006649196302502163
21222,0.0066484619260973295
29611,0.00664821578792376
78242,0.006647081539819247
33180,0.00664369417946604
44709,0.0066412601626016235
25404,0.0066405895691609975
76134,0.0066385217103830125
01901,0.00663756953975462
33605,0.006637150561795969
44714,0.006635891517599538
62220,0.006635216988712314
61614,0.006634773774833296
32569,0.006634696195111082
07457,0.006630752859803139
28311,0.006626221209902807
77062,0.006623949235386565
45365,0.006622197166413635
33035,0.00662148400372841
19601,0.006620021202676472
45231,0.0066195588654098724
32805,0.0066192995716805245
08054,0.006618294785994192
48842,0.006618060240597296
76140,0.006615606975605829
30083,0.006615529777305712
70458,0.006614687748351404
55311,0.0066132413724949105
62234,0.0066107709278736045
79414,0.006610184665526464
02740,0.006609523809523809
10452,0.006607510939023938
38671,0.006607442334377219
15136,0.00660519835373604
40272,0.006599731765384271
23464,0.006596121061947721
77087,0.006593406593406593
77373,0.006593373328284745
34653,0.006589960769553061
76148,0.006587594236961604
33183,0.006587273472762128
73401,0.0065843553741161305
33351,0.00657964452466704
75503,0.006579445594603734
85614,0.006579428928774542
16046,0.006577919147090171
78219,0.006576608421625383
79936,0.006574718509092296
19401,0.0065742725596325555
53081,0.006574074074074073
53403,0.006572840245545741
60101,0.006570164964900603
45039,0.006569513266756433
38112,0.006569375974420759
33759,0.006569031487650678
19138,0.006568210862762121
78503,0.006567394535387486
75149,0.0065668662947545595
30058,0.006564671406515924
22655,0.0065625
46237,0.006562161092705042
30168,0.006562058963062063
06106,0.0065618525370240745
29445,0.006560021922845141
68122,0.0065594846260231265
40208,0.006556706830649106
46113,0.0065548656558549806
79925,0.006554625739374485
77532,0.006554484973430137
32211,0.006550902606062921
52402,0.006548759110466625
33407,0.006547882004207304
30071,0.006546508702740229
08053,0.0065463306940848325
30265,0.006544124448852701
33805,0.006541342457065634
06040,0.006537525552887549
61820,0.0065373003828037984
30088,0.0065369052562740185
33811,0.006536589510844532
32714,0.006535963876837479
32837,0.0065299636081826255
33801,0.006529203140741729
78229,0.006526679793968382
28677,0.006524355822738905
33619,0.006520344265911217
33563,0.00652030599235695
33966,0.0065196421008192895
27101,0.00651613351394533
21921,0.006509260266646415
72903,0.006508437751512181
45431,0.00650776322173702
60201,0.006507218161769148
44118,0.006506402768709107
33909,0.006505929389811143
85351,0.006505591026349228
41042,0.006504527065296964
60193,0.0065005949017732205
12302,0.0065
32607,0.006497279200848951
33026,0.006496911055486686
15061,0.006492504409171078
28539,0.006492276297447788
93535,0.0064883146387252144
10950,0.00648796087283672
34743,0.006485622052684845
14612,0.006484848484848485
45229,0.006483826716713898
46614,0.006483033932135729
33534,0.006481255491168383
34287,0.006480929925249781
23669,0.006478888250866241
32095,0.006478094441281654
32119,0.006476316078689966
77049,0.006471588786081628
32129,0.006470159291923393
33414,0.006469306699130407
48198,0.006467782300625136
47714,0.006465858191657157
61201,0.006464592274678112
23454,0.006463519177721812
73160,0.006460076193378063
60544,0.006459803338558838
48390,0.006458241062522404
28083,0.006457724852176405
29579,0.006456380519227507
32225,0.006456300457522141
72034,0.006454135094511242
14618,0.006453531616509547
60605,0.006452237361970999
30016,0.006451281458927352
33433,0.006447924176010608
21231,0.006447684677003101
32835,0.006447544912193385
78526,0.006445115810674723
34222,0.0064427710843373495
60139,0.006442697828498884
33617,0.006441729046423713
79938,0.006440247647176025
30180,0.006438655038117979
32927,0.006437252723769714
60169,0.006432449169958463
32955,0.006432314472695686
20746,0.0064315919319621944
70131,0.006431538461538462
60090,0.00643001723717286
23663,0.0064285714285714285
64053,0.006428478987075881
32547,0.006427589047225346
60102,0.006426029597832519
53233,0.006419596828100439
45342,0.006418936345864659
52803,0.006418836112662515
40504,0.006418728224496947
19720,0.006418091087418315
78218,0.006413503378643863
15214,0.006413275692004367
30331,0.006412090894967467
35216,0.006411305723795493
33428,0.006406818140710053
34638,0.006401814381405848
55414,0.006400625533142034
45424,0.0063969232005926325
32824,0.006395600777017406
34654,0.006393859228099779
21237,0.006389252534446016
34242,0.006388415605408679
27127,0.006387056522584757
44281,0.006385297093197374
70817,0.006385056352791349
73703,0.00638479606151102
20745,0.006383493400538974
28348,0.00638118339922349
06110,0.006379447662435776
33778,0.006378905765646301
27405,0.006375539911646468
77590,0.006375183848108036
39056,0.006374498691218952
49504,0.006372731244502716
15025,0.006372224304358001
28054,0.006368756644755716
60505,0.006368686604919244
33712,0.006368605124275046
34953,0.006368125451846534
46805,0.006368085151879723
12550,0.006366149703292754
19120,0.0063659598045379285
60543,0.006363774314962708
34613,0.006362924208055824
33916,0.006362301587301587
19107,0.0063601069702076025
32259,0.006358939273041906
06513,0.006358573291006639
33570,0.006356677867561275
45237,0.00635580803441002
33967,0.006353459733629789
33009,0.006353072632718872
23704,0.006352795587527309
34691,0.0063515874502218924
17109,0.006350201735764824
14425,0.006349370221406318
33185,0.006347483494452627
21009,0.006346779734692189
33812,0.006343889639544437
31088,0.006342471822512077
33549,0.006340043432176687
48313,0.006338694418164617
33132,0.006338524710439195
34997,0.006337242260143318
33610,0.006336421092089609
33175,0.006335943068446116
14622,0.006333333333333333
44035,0.006331256848088934
48192,0.006330812772812006
28546,0.006330361871457286
32807,0.006330098092500413
06519,0.006328371964252645
46203,0.006327885507503656
07921,0.006327593851554692
33131,0.0063258633815338325
15205,0.006322422094985766
06095,0.00632198504021989
32216,0.0063213377852013725
33015,0.006320518268347109
44212,0.006319702602230483
21230,0.006318246074981335
33637,0.006314854464947848
46214,0.006309788818917504
76018,0.006309560888580099
77038,0.006309292375249023
33018,0.006306988960063839
44130,0.00630688406451794
21225,0.006305108970361963
29681,0.006305073227159367
45432,0.006303583060026674
33186,0.00630338900117008
76104,0.006303194072341216
08205,0.0063031098400818135
77423,0.006302631578947369
33025,0.006301494824128896
35473,0.00630019120458891
33033,0.006299328757006045
35630,0.0062983210536291905
79927,0.006297695784248352
77583,0.006296830811393918
77642,0.006296824558309139
34684,0.006296236641654062
29485,0.006292384829712378
32920,0.00629184978985554
46234,0.006291455357683553
48072,0.006291405384724607
06705,0.006290650406504067
35040,0.006290148435387445
78227,0.006287822793960872
33844,0.006287344939430379
34472,0.006285803766043246
45150,0.006284168323923486
68507,0.00628125
30012,0.006281231648044486
33477,0.006281094840797114
35405,0.006279920331118929
32220,0.00627986906710311
33032,0.006277743891968144
32724,0.006275150430341332
34235,0.006275063594709308
34690,0.006273783358048178
33615,0.006273433065383553
19154,0.00627164612350778
15642,0.006270810210876804
44134,0.006267951617005979
55103,0.00626755572671325
34609,0.0062668966667689995
23805,0.006266396491123217
30311,0.006265804597701149
44708,0.0062653716214804665
64127,0.006264046288035896
19151,0.0062638531207323935
35023,0.00626354345890607
52245,0.006263068589701757
77016,0.006261904761904762
24502,0.006260309697486599
46131,0.006260068661046313
71115,0.0062593433655764585
48220,0.0062577136500756286
31404,0.00625759708439177
32128,0.00625715296239607
33810,0.006257004275351229
43110,0.006256771056256257
41076,0.006256413478251764
32908,0.006255885517640219
46268,0.006254789019401967
85730,0.006252905416446296
64056,0.006249957964050086
60661,0.006245908121658954
27103,0.0062452766507072625
23608,0.006244599020582068
14620,0.006244544662357531
28326,0.006242146886728719
34471,0.0062392064123205975
32712,0.00623919440899704
39208,0.006237547742280814
68135,0.006237074306988506
76118,0.006236420616857361
32570,0.006235765410528483
23666,0.006234862308164281
75146,0.006234091503009451
45014,0.006233631193849977
08002,0.006233481123238343
60189,0.006231343697843914
24501,0.006231218868152088
34608,0.0062279111978340886
43222,0.006225478225478223
79413,0.006225477793485204
38053,0.006225089431171901
88012,0.006223720792788259
34104,0.006222653198653199
46312,0.006218782856547505
06615,0.006218355172760153
18062,0.006218188878804036
21227,0.006217465032747111
32301,0.006216515025470181
34209,0.0062163321677248745
50317,0.006215730307297483
33584,0.0062145435652416915
85132,0.006214492155482047
32905,0.006213656797971527
79412,0.0062128424227562255
41011,0.006211376788074367
34221,0.00621111752579493
37920,0.006209663331875413
30213,0.0062090536951600415
27377,0.006208860197726384
77503,0.006204907721025703
34744,0.006203516538551198
89169,0.006198398360172864
77396,0.0061966090094512935
61802,0.006196518146946002
29680,0.006195845773404029
43004,0.006195447784985904
32773,0.006195414462081129
49464,0.00619208211143695
44706,0.0061910049972237645
34232,0.0061909537703478046
73130,0.0061906653752812225
78252,0.006189034126371202
30106,0.006188168225056176
38060,0.006187214611872145
27107,0.006185934461784024
29154,0.00618583068294653
33462,0.006184926868669151
90001,0.006181666666666667
55124,0.006178919673807572
19136,0.006175373363765162
32763,0.006173958775864842
33326,0.006173838182950638
74801,0.006172302181342892
15003,0.006171875
77449,0.0061707139507556725
07103,0.006170580449081795
30120,0.0061699867288554245
32796,0.006169590643274855
33173,0.006169014479731611
19464,0.006168704834312212
34711,0.0061681135751662595
33542,0.006167512433150523
17025,0.006166666666666667
23320,0.0061653653653653655
33884,0.006158617850810129
23462,0.006156388153126004
46807,0.006156374929483554
30263,0.006155541597159678
30313,0.006154994078074942
75762,0.006153846153846154
19150,0.00615
12308,0.006149732620320855
60148,0.006148637397014019
46221,0.006147851180979525
33837,0.006147297522698502
66611,0.0061472480343102215
32221,0.00614680473606697
60173,0.0061460798460798455
15221,0.006142828892690832
07728,0.006139887581213153
37604,0.006139051862258774
46140,0.006138966454602109
52403,0.006138682677000579
36117,0.006135765025485544
92395,0.006135507593034059
46208,0.006133241251238787
33781,0.006131817775110406
04468,0.00613126079447323
60050,0.0061307189542483655
77566,0.006129821393966408
76133,0.006125151080075477
77093,0.006125
23661,0.006124828385586607
77518,0.006124497991967871
23325,0.006124413634274626
19301,0.006124024728562948
72211,0.006123644982332241
27284,0.006122711547792182
60181,0.006122129892750807
32514,0.006121311841624855
50021,0.006120531642079229
32043,0.006119621586402273
63026,0.006117879490419228
32701,0.006115020329332497
33803,0.006110906052493268
60091,0.006110868616324749
77058,0.006107525322692849
12189,0.006104260089686099
30458,0.006104229735060127
33594,0.006102394424062295
33709,0.006101390050777793
48104,0.006100910177327817
48917,0.006100480233317331
73003,0.0060994047619047625
38125,0.006097300529676886
64138,0.006097149522607652
34285,0.006096223438124357
75407,0.00609588963912785
07203,0.006093673483648514
29910,0.006093580405598401
34113,0.0060934147588587164
32778,0.006093007395938995
66103,0.0060918187477030945
39564,0.0060912685084979525
48640,0.006090265131456438
15068,0.006088235595439894
12603,0.006087908549037182
33311,0.0060828956177366895
75090,0.006081937025184297
43606,0.0060814404958284985
29306,0.006080485966237722
30314,0.0060802877398947325
30165,0.0060794561688784715
34203,0.0060789510535051135
28405,0.006077494591497174
77545,0.006077442903889596
38305,0.006077430972388956
53404,0.006076738245544504
77339,0.006073817063871084
30909,0.006072946126412764
43213,0.0060719147967061345
33604,0.006070750951452706
47201,0.006070301750428244
64030,0.006069975852555218
33458,0.006069738838994979
79911,0.0060686781376637815
64804,0.006065973464228116
08873,0.0060642320960594765
39047,0.006062931340328994
11109,0.006060049074115348
70454,0.006057876110408467
60525,0.0060573551358105325
55372,0.006056525322055432
19904,0.006055985524444404
15701,0.006050955414012739
60453,0.006050586289953918
28134,0.006049004239667739
21157,0.006048672566371681
32536,0.00604775176401827
32967,0.006047560620283658
33897,0.006046045863140126
20785,0.006045308807478587
32707,0.006045057283869674
77378,0.006043956043956042
52806,0.006043646785795049
08859,0.006041197116542913
31558,0.0060410450109164735
33147,0.006040879899759192
48185,0.006040256807285415
06790,0.006039926265835196
76164,0.00603905422417522
60403,0.006037708378830895
32829,0.006037105540386492
75115,0.006037068299039022
40216,0.006035134567197284
33193,0.0060339814394800816
38654,0.006032228944953163
60624,0.006030569491084
34470,0.006028507451103114
44720,0.006026745641326725
34234,0.006026307234705795
30253,0.006024988101512581
15108,0.00602363727794879
23224,0.006023613310987014
60016,0.006023180463483631
49015,0.006022562018886208
29334,0.006021998176564702
30228,0.006014907266256848
73107,0.0060136275398327095
34785,0.006013209577488889
64119,0.006012725241364668
32092,0.006008712417907276
11021,0.006008660210708815
33401,0.006008069524392529
45140,0.006007800780078008
49505,0.006007017543859649
60654,0.006006579526439748
30046,0.006006202328744384
30354,0.006005059499718034
76710,0.006004831287684037
67203,0.006004730115706205
30126,0.006003150116024409
35022,0.0060029932111523125
29588,0.006001555238697927
18505,0.006
48085,0.0059987012987012985
34741,0.0059982922637674034
71104,0.005998034194640802
46011,0.00599702380952381
36527,0.005996140937531063
30161,0.00599375
64117,0.005993323705129129
33166,0.005992237817455992
28560,0.005990215818500931
32726,0.005989297429006721
46227,0.005988132666956508
08060,0.005986200008668713
34990,0.005985519337824047
63501,0.00598358371283122
34481,0.0059828663831073495
34761,0.005981376778210553
38134,0.005979936394681382
73112,0.005979666322899238
60623,0.005977913732910542
73170,0.005977236006566222
19144,0.005974944282915945
06082,0.005974425754897397
19320,0.00597299150353028
77021,0.005972059753477794
77071,0.0059715655926873
48322,0.005969648877675732
70810,0.005967056088447883
77036,0.005967025904998111
29650,0.005966758167481149
34233,0.005966730123682528
47130,0.005966418545287543
33772,0.005965530252044163
60620,0.005964886192552523
33625,0.005964575919667926
32202,0.005963930475594605
79416,0.00596275545391464
38135,0.005962690729452875
37086,0.005962566503609032
28451,0.005961593403710541
34655,0.005961569976519372
33913,0.005959095566669356
33823,0.005956380480422908
46236,0.005955919854280512
34465,0.005954783862860634
34736,0.005952763783591806
32563,0.005951969221172476
55428,0.005950159840458344
33634,0.005947561063999419
32068,0.005947450598986677
15227,0.005946902185263102
38111,0.005944456439291032
78239,0.005943222319754287
77012,0.005943152454780362
14214,0.00594140275385649
33023,0.00594113091263107
34759,0.0059406421252493355
21206,0.005940053468986773
30038,0.0059384594748792836
20036,0.0059380756762732875
73105,0.005937760239665418
33130,0.005937204452134268
85629,0.005936702561087636
49548,0.005935036662262611
34286,0.005933333333333333
33323,0.005932587035269624
78250,0.0059318649579114605
30294,0.005931592107194027
70123,0.005929706921521686
32168,0.005929196316560664
43207,0.0059289264323035195
30281,0.00592731402935887
14150,0.005925887816328405
19104,0.005925772347745666
07501,0.005925410743621628
93550,0.00592156862745098
44691,0.005919155584647611
79401,0.005916104868913858
76002,0.005915682748613418
20024,0.005915410558013133
30214,0.005913920826188631
33510,0.005913655325494424
72076,0.005912795455686224
32725,0.005912760612784144
33487,0.005912302797980699
33830,0.00591159527196984
40229,0.005911276176326027
01002,0.005911111111111111
78228,0.005911029259959758
35120,0.005910011717918241
06070,0.005909090909090909
41017,0.005907575566852499
80247,0.005907211292333435
30135,0.005907043779616813
78109,0.005906047120516953
43040,0.005905620223088158
77051,0.00590511629191695
76111,0.005904907034119277
76543,0.005904692929168175
47802,0.0059041324773821255
30620,0.005903004310188277
32901,0.0059021803390107265
19149,0.005901769736259612
34714,0.005901465770226974
44129,0.0059001750876341375
77630,0.005899944476756421
33174,0.0058996332342667185
34715,0.005898694348247136
75104,0.005897247833447628
48309,0.005896233368199727
12601,0.0058957131547164275
35127,0.0058940349351308255
32303,0.005891526370957844
19127,0.0058894353608022676
77515,0.0058890821256038645
23509,0.005888932435050853
17101,0.005885546295267067
15212,0.00588410515933448
70461,0.005881813973691655
20743,0.005881610785327051
17701,0.005879805556591361
44221,0.005879638775657343
28562,0.00587958265362942
34667,0.005877073417418003
79912,0.005876715290530122
43224,0.005876550836550838
77520,0.005871944302688821
33607,0.005871028585629898
44124,0.0058700083062683435
06405,0.005869756411423557
53219,0.005869199150306148
27409,0.005868442093072464
46239,0.005868430772958713
33177,0.005867011027985475
17331,0.005865659144169449
79410,0.00586528701283109
19026,0.005864185747656226
60031,0.005860113400992617
38133,0.0058571334274723184
27858,0.005855717815402262
31548,0.005855550732922679
33983,0.0058548046629979585
19403,0.00585308856172497
33705,0.005851425135385759
38018,0.005850061023034041
30014,0.005848684323911609
76549,0.0058474562535365615
30309,0.005846863288074116
33125,0.005846621995307337
27265,0.005846287139387013
32904,0.005845846418545398
50311,0.005845129229082454
76249,0.005844032334759866
75020,0.00584387174732807
08801,0.005843373493975903
28574,0.005842696629213483
68503,0.005842347069657168
77441,0.005841660840709215
70058,0.005841091107474087
53215,0.0058394630576332806
32765,0.005837957388399768
76901,0.0058372093023255816
33762,0.005836523842818574
45211,0.005834172437351638
32738,0.005833282067826015
30039,0.005831655345635679
45429,0.005831067546466357
77705,0.005830683334176907
33764,0.005829082152332595
28025,0.005828538259640621
80235,0.0058260926038383115
38016,0.0058257665717747304
07052,0.005825532422191003
77301,0.005824922548465964
76504,0.005822943299703037
32566,0.005822397371970378
77447,0.005821425924219325
32205,0.005821342705035071
34606,0.005819235406214755
77591,0.005818798449612403
47909,0.005818551682736702
40511,0.005818135577740885
07860,0.005817835002384359
23602,0.005817226787788974
07430,0.005816953269812527
29418,0.0058168786370544805
08816,0.005812714137042345
28115,0.0058125083196362256
03431,0.005811728272858317
60074,0.005809624290840479
64014,0.005808851223460584
30044,0.0058065570661585296
60619,0.005804759817772866
46516,0.005803237398486649
55432,0.005802277910423063
32703,0.005802146258398162
34207,0.005797814966705621
33029,0.005797722675358222
27262,0.005797101449275362
31407,0.0057968965330217
33321,0.005795526796874971
34772,0.005794996678322598
06320,0.005794169011950853
34758,0.005794164565268604
33004,0.005793191359703811
77546,0.005792725852688598
70737,0.0057911231446605175
34237,0.005788435049973734
89142,0.005787927359450399
33905,0.005787364380974207
34746,0.005786305029023476
29405,0.005786257608894528
55435,0.005786029910496535
46902,0.005785102883842277
70809,0.005783534509418743
74135,0.005783210845389468
77095,0.005783201720677545
40299,0.005782894552696826
64137,0.005782440735187914
85017,0.005782051282051282
85345,0.005781700668918362
33309,0.005776205766436077
19095,0.005776119402985075
30141,0.005774651834497198
30011,0.005773788205141969
99504,0.005773144234615314
21117,0.005771229863033142
62704,0.005770543102865038
55125,0.0057689012345679015
22309,0.0057679914070891515
19135,0.0057678089187107925
04401,0.005766253169258103
29662,0.0057661566567709524
76017,0.005764245258836964
89106,0.0057636439808115385
54901,0.005763434649641004
30101,0.005762592246717588
70403,0.005759691100383222
60044,0.005758028643610746
60089,0.005754976858895479
32218,0.005753430410019111
07927,0.005748904246771112
30680,0.005745498159815218
29406,0.005745267132692617
37174,0.005744488198002802
30093,0.0057442028106767995
31525,0.005743899741958771
10603,0.0057435019595477275
42071,0.005743224746783466
17408,0.005741307480772163
28540,0.005741298714639901
77084,0.005741207964729545
44106,0.00574045904370391
28376,0.005739664441399677
77042,0.005739438505752198
32174,0.005739365394544622
30043,0.005738598741987955
36066,0.005737010901134414
34293,0.005736849565538698
70112,0.005736731437806585
75156,0.0057360406091370554
32935,0.005735796096650845
06514,0.00573176708095114
48067,0.005730102846494498
21901,0.005728921436234826
28052,0.005726864103820255
85713,0.00572656722648439
33612,0.005725788555407178
45040,0.005724056584275142
78244,0.0057238963967289405
60707,0.005723072817109761
93313,0.005722648758476731
34243,0.0057205274040264716
55904,0.005718971423721473
63043,0.00571780997453443
34212,0.005717662265761051
32533,0.005715461329071325
54935,0.005714494875549049
60609,0.0057143901445500765
33777,0.005714285714285714
45459,0.005712987872520731
65803,0.005712717842068066
75154,0.005710881424059721
76541,0.0057103919950097564
33441,0.005709287703621306
33404,0.005705829309689151
34479,0.005705123784159439
30506,0.0057044867607549555
66046,0.005704314199739234
32960,0.005703599253042945
33558,0.005703517415395373
46112,0.005703268057841392
76209,0.00570177153637859
06810,0.005701436661802515
30008,0.005700865376765449
32164,0.005700545217336762
46280,0.005694298361922776
27215,0.00569386157865566
78542,0.005693838762278304
65806,0.005691694826409885
33312,0.005691616780861285
21113,0.005690855671023889
76179,0.005690651616982166
60188,0.005690105012044704
32825,0.0056889429420526995
77089,0.005688459712390538
77064,0.005688089340577542
33014,0.0056877732495696845
74075,0.005686633067213773
29617,0.005685497914176223
48386,0.005684790043917753
77536,0.005684575252536352
50313,0.0056845238095238095
32780,0.0056828942322938855
37830,0.005681818181818182
32506,0.005681179375888076
33579,0.005681036581164466
30350,0.005678998806337546
46410,0.005676345414273215
46064,0.005673992454638003
16801,0.005672794800371402
29710,0.005672416874283852
32207,0.0056717874154818635
50315,0.005671530249591076
79605,0.005669079875420437
43123,0.00566863722685133
32219,0.005668538215873026
93534,0.005666922094508301
45103,0.005666575263323076
29625,0.005666009466147535
77571,0.0056642378151166494
70816,0.005663543372514346
33055,0.005662959778187743
32583,0.005662083121328836
27597,0.005661184919058786
43068,0.005661182996764753
76114,0.005660991795708245
43228,0.005659075068113103
46228,0.00565845393967994
78577,0.005658074570589983
70065,0.005658011744476093
95341,0.005656886069257203
89145,0.005656663567054549
64055,0.005656421289581691
34639,0.005656404366911041
40165,0.005655445702144588
92587,0.005654791234694499
06610,0.005654523282061435
33993,0.005654513888888888
20619,0.005654450261780105
04901,0.0056531588682639106
95206,0.005650615154415789
32907,0.00565034910826509
57701,0.00564982065078145
34473,0.005649634008340583
43701,0.0056490640999292616
32073,0.005648732876431495
85756,0.005647306397306397
77506,0.005646296296296297
30315,0.0056459322649483334
48423,0.0056442307692307694
76123,0.005643474647388426
78521,0.005642169198106922
32771,0.005641573088809955
20164,0.0056406452538025975
77040,0.005640348626477884
53140,0.005640175278709321
75401,0.005638297872340425
49203,0.005637697847413376
32571,0.005636839589563985
33435,0.005636439728533916
21211,0.00563639496445918
02903,0.005635457522738239
76706,0.005635014005602242
92277,0.005633771929824561
30815,0.005633128930206655
76904,0.005632867203036344
23452,0.0056302623926849675
46322,0.005629666333926797
23435,0.005629213947650722
44203,0.005628517823639775
35007,0.0056282947708037444
04210,0.005628140703517588
30248,0.0056280205895047715
50613,0.005627237085505715
66517,0.005626758361988122
40503,0.005625038417297524
10701,0.005624940934039537
12047,0.005624809512091454
33815,0.005624600003594608
77381,0.0056229799257727035
75189,0.005621024155321351
32828,0.0056188171171479935
33129,0.005617985254363024
35222,0.0056179775280898875
33760,0.005617866198231261
48076,0.005617529880478088
66203,0.005617511520737327
48843,0.005615918990002499
72753,0.005614924832457888
76108,0.005610389109878886
30094,0.005610240484043185
37849,0.005609815158608443
33647,0.005609119007372251
74012,0.005607184085755514
77803,0.005606719404975977
37804,0.005605867609173764
06010,0.005603662291075208
12010,0.005602664872444308
06512,0.005602084496556859
06457,0.005601940073723199
34652,0.005601752502205756
33624,0.00559839189188239
76016,0.0055963613983005785
33511,0.0055960954065166655
78201,0.005593215532180406
33413,0.005592516840587674
40214,0.005592269997669169
32277,0.005591035902838726
74134,0.005590635614962727
76401,0.00559031140412327
30907,0.005590051981132248
33596,0.005589926334347253
72032,0.005589596427488721
07111,0.005588306839621578
15226,0.0055882406066722085
64133,0.005586292512984603
66441,0.005586272844314097
65201,0.005584862047317057
33917,0.0055847457627118645
77372,0.005584252408208851
23518,0.005583303768674996
64080,0.005581196581196581
34748,0.005579863605040344
33711,0.0055797278238150045
02909,0.0055776247184274996
24016,0.005577578450957061
03054,0.005577223594528882
48073,0.005574251549391996
33713,0.005572822127148737
28544,0.005572559954196843
52001,0.005572095115437309
07932,0.00557125
44685,0.005570661842788022
45036,0.005570495998432807
35803,0.005569593823268096
30102,0.005569373385607188
34219,0.005568388278717815
78238,0.005567317280997707
33178,0.00556543194033553
68504,0.005562911362023525
33187,0.005562372188139059
33137,0.005562296556947003
33572,0.0055621561122774854
32601,0.005561884460076907
74014,0.005561578292810182
88011,0.00556118826677626
65738,0.005560884975987605
60513,0.0055601317957166396
19047,0.005559370724512919
53207,0.005559235583392914
07029,0.005557398728024932
77568,0.005556606379135835
77539,0.005554764694442771
44012,0.005552825552825553
21703,0.005552236490422248
23234,0.00555212568794963
34771,0.00555149681041251
76036,0.005549674395228458
36606,0.005549435012134338
33880,0.005546395720410113
95823,0.00554483972622517
45242,0.00554392957980402
30344,0.005542306680040341
30087,0.005541463967198614
19711,0.005539291936059315
75150,0.005537929162471142
32084,0.00553723934843544
30904,0.0055367219089679206
32817,0.005535526790426097
60435,0.005534577971283321
39401,0.005533989739564977
93307,0.005533396461698165
66212,0.005533054751700844
44113,0.005532887402452619
46060,0.005530638935445107
73099,0.005529455456823876
60004,0.0055291587450554775
92301,0.005527597575393308
74114,0.005526904856496811
36054,0.005524390243902439
70121,0.0055243445692883895
08902,0.0055231527504743
77035,0.005520177763834831
77015,0.0055192479694979495
21286,0.00551796291601825
28269,0.0055171441774285335
77388,0.005516409032748902
64801,0.005515490401619854
32940,0.005514791212718883
12180,0.005513249555858561
79109,0.005511411581495856
77043,0.005511386473666548
07093,0.005511192212451594
48202,0.005509004243553301
29715,0.005507468573937766
92057,0.005506604308390022
77044,0.005505271572715786
66047,0.00550486602071715
75041,0.00550404984423676
28215,0.005504023584131914
23455,0.005503730119369067
19090,0.005503571428571429
77521,0.005503514503427913
45840,0.005502978636837535
77382,0.005502598621433964
76502,0.005501967592592592
85037,0.005501103406406302
12401,0.005500782472613459
75126,0.005500664903962398
33990,0.005498200995248976
33196,0.005496336432889089
08854,0.005491437483655415
11501,0.005491178733438738
65807,0.00548851511901555
30127,0.00548815154387904
19901,0.0054874992582798696
92394,0.005487029922483287
11801,0.0054868647717484925
07005,0.005483333333333333
60611,0.005483158895855399
30122,0.0054831430824321655
77523,0.005482663028490979
55318,0.005482545158903368
